Question ID (machine readable),Response ID (machine readable),Response value,Answer requirement,Human-friendly question label
PSL_DATA_COLLECTION_COLLECTS_PERSONAL_DATA,,true,REQUIRED,O app coleta ou compartilha algum dos tipos de dados do usuário obrigatórios?
PSL_DATA_COLLECTION_ENCRYPTED_IN_TRANSIT,,true,MAYBE_REQUIRED,Os dados dos usuários coletados pelo app são criptografados em trânsito?
PSL_SUPPORTED_ACCOUNT_CREATION_METHODS,PSL_ACM_USER_ID_PASSWORD,true,MULTIPLE_CHOICE,Quais dos seguintes métodos de criação de contas são oferecidos pelo app? Selecione todas as opções relevantes / Nome de usuário e senha
PSL_SUPPORTED_ACCOUNT_CREATION_METHODS,PSL_ACM_USER_ID_OTHER_AUTH,,MULTIPLE_CHOICE,Quais dos seguintes métodos de criação de contas são oferecidos pelo app? Selecione todas as opções relevantes / Nome de usuário e outras autenticações
PSL_SUPPORTED_ACCOUNT_CREATION_METHODS,PSL_ACM_USER_ID_PASSWORD_OTHER_AUTH,,MULTIPLE_CHOICE,"Quais dos seguintes métodos de criação de contas são oferecidos pelo app? Selecione todas as opções relevantes / Nome de usuário, senha e outras autenticações"
PSL_SUPPORTED_ACCOUNT_CREATION_METHODS,PSL_ACM_OAUTH,,MULTIPLE_CHOICE,Quais dos seguintes métodos de criação de contas são oferecidos pelo app? Selecione todas as opções relevantes / OAuth
PSL_SUPPORTED_ACCOUNT_CREATION_METHODS,PSL_ACM_OTHER,,MULTIPLE_CHOICE,Quais dos seguintes métodos de criação de contas são oferecidos pelo app? Selecione todas as opções relevantes / Outro
PSL_SUPPORTED_ACCOUNT_CREATION_METHODS,PSL_ACM_NONE,,MULTIPLE_CHOICE,Quais dos seguintes métodos de criação de contas são oferecidos pelo app? Selecione todas as opções relevantes / Meu app não permite que os usuários criem uma conta
PSL_ACM_SPECIFY,,,MAYBE_REQUIRED,Descreva o método de criação de contas oferecido pelo app
PSL_ACCOUNT_DELETION_URL,,https://upclt.app/excluir-conta,MAYBE_REQUIRED,Adicione um link que os usuários possam usar para solicitar a exclusão da conta e dos dados 
PSL_SUPPORT_DATA_DELETION_BY_USER,DATA_DELETION_YES,true,SINGLE_CHOICE,Você oferece um meio para que os usuários solicitem que os dados deles sejam excluídos? / Sim
PSL_SUPPORT_DATA_DELETION_BY_USER,DATA_DELETION_NO,,SINGLE_CHOICE,Você oferece um meio para que os usuários solicitem que os dados deles sejam excluídos? / Não
PSL_SUPPORT_DATA_DELETION_BY_USER,DATA_DELETION_NO_AUTO_DELETED,,SINGLE_CHOICE,"Você oferece um meio para que os usuários solicitem que os dados deles sejam excluídos? / Não, mas os dados dos usuários são excluídos automaticamente em 90 dias"
PSL_DATA_DELETION_URL,,https://upclt.app/excluir-conta,MAYBE_REQUIRED,URL para exclusão de dados
PSL_DATA_COLLECTION_COMPLIES_FAMILY_POLICY,,,OPTIONAL,"Responda a esta pergunta apenas se você indicou que a idade do público-alvo do app inclui crianças ou caso tenha se inscrito no programa Feito para Família. Nessas duas situações, você precisa seguir a Política para famílias do Google Play (https://support.google.com/googleplay/android-developer/answer/9893335). Você quer informar aos usuários desse compromisso na seção ""Segurança dos dados"" da página ""Detalhes do app""?"
PSL_INDEPENDENTLY_VALIDATED,,,OPTIONAL,"Seu app passou por uma análise de segurança independente, de acordo com o framework Avaliação de segurança de apps para dispositivos móveis (MASA, na sigla em inglês)? Responda ""sim"" apenas se a avaliação estiver em situação regular."
PSL_UPI_BADGE_OPT_IN,,,OPTIONAL,"Quer mostrar este selo na sua página ""Detalhes do app""?"
PSL_HAS_OUTSIDE_APP_ACCOUNTS,,,OPTIONAL,Os usuários podem fazer login no app usando contas criadas fora dele?
PSL_OUTSIDE_APP_ACCOUNT_TYPES,PSL_LOGIN_WITH_OUTSIDE_APP_ID,,MULTIPLE_CHOICE,"Como essas contas são criadas? / Identificação fora do app (por exemplo, vinculação de chip, assinatura de serviço)"
PSL_OUTSIDE_APP_ACCOUNT_TYPES,PSL_LOGIN_THROUGH_EMPLOYMENT_OR_ENTERPRISE_ACCOUNT,,MULTIPLE_CHOICE,Como essas contas são criadas? / Por contas profissionais ou corporativas
PSL_OUTSIDE_APP_ACCOUNT_TYPES,PSL_OUTSIDE_APP_ACCOUNT_TYPE_OTHER,,MULTIPLE_CHOICE,Como essas contas são criadas? / Outro
PSL_OUTSIDE_APP_ACCOUNT_TYPE_SPECIFY,,,MAYBE_REQUIRED,Descreva como essas contas são criadas
PSL_DATA_TYPES_PERSONAL,PSL_NAME,true,MULTIPLE_CHOICE,Informações pessoais / Nome
PSL_DATA_TYPES_PERSONAL,PSL_EMAIL,true,MULTIPLE_CHOICE,Informações pessoais / Endereço de e-mail
PSL_DATA_TYPES_PERSONAL,PSL_USER_ACCOUNT,,MULTIPLE_CHOICE,Informações pessoais / IDs de usuários
PSL_DATA_TYPES_PERSONAL,PSL_ADDRESS,,MULTIPLE_CHOICE,Informações pessoais / Endereço
PSL_DATA_TYPES_PERSONAL,PSL_PHONE,true,MULTIPLE_CHOICE,Informações pessoais / Número de telefone
PSL_DATA_TYPES_PERSONAL,PSL_RACE_ETHNICITY,,MULTIPLE_CHOICE,Informações pessoais / Raça e etnia
PSL_DATA_TYPES_PERSONAL,PSL_POLITICAL_RELIGIOUS,,MULTIPLE_CHOICE,Informações pessoais / Posicionamento político ou crenças religiosas
PSL_DATA_TYPES_PERSONAL,PSL_SEXUAL_ORIENTATION_GENDER_IDENTITY,,MULTIPLE_CHOICE,Informações pessoais / Orientação sexual
PSL_DATA_TYPES_PERSONAL,PSL_OTHER_PERSONAL,true,MULTIPLE_CHOICE,Informações pessoais / Outras informações
PSL_DATA_TYPES_FINANCIAL,PSL_CREDIT_DEBIT_BANK_ACCOUNT_NUMBER,,MULTIPLE_CHOICE,Informações financeiras / Informações de pagamento do usuário
PSL_DATA_TYPES_FINANCIAL,PSL_PURCHASE_HISTORY,,MULTIPLE_CHOICE,Informações financeiras / Histórico de compras
PSL_DATA_TYPES_FINANCIAL,PSL_CREDIT_SCORE,,MULTIPLE_CHOICE,Informações financeiras / Score de crédito
PSL_DATA_TYPES_FINANCIAL,PSL_OTHER,true,MULTIPLE_CHOICE,Informações financeiras / Outras informações financeiras
PSL_DATA_TYPES_LOCATION,PSL_APPROX_LOCATION,,MULTIPLE_CHOICE,Local / Local aproximado
PSL_DATA_TYPES_LOCATION,PSL_PRECISE_LOCATION,,MULTIPLE_CHOICE,Local / Local exato
PSL_DATA_TYPES_SEARCH_AND_BROWSING,PSL_WEB_BROWSING_HISTORY,,MULTIPLE_CHOICE,Navegação na Web / Histórico de navegação na Web
PSL_DATA_TYPES_EMAIL_AND_TEXT,PSL_EMAILS,,MULTIPLE_CHOICE,Mensagens / E-mails
PSL_DATA_TYPES_EMAIL_AND_TEXT,PSL_SMS_CALL_LOG,,MULTIPLE_CHOICE,Mensagens / SMS ou MMS
PSL_DATA_TYPES_EMAIL_AND_TEXT,PSL_OTHER_MESSAGES,,MULTIPLE_CHOICE,Mensagens / Outras mensagens no app
PSL_DATA_TYPES_PHOTOS_AND_VIDEOS,PSL_PHOTOS,,MULTIPLE_CHOICE,Fotos e vídeos / Fotos
PSL_DATA_TYPES_PHOTOS_AND_VIDEOS,PSL_VIDEOS,,MULTIPLE_CHOICE,Fotos e vídeos / Vídeos
PSL_DATA_TYPES_AUDIO,PSL_AUDIO,,MULTIPLE_CHOICE,Arquivos de áudio / Gravações de voz ou sons
PSL_DATA_TYPES_AUDIO,PSL_MUSIC,,MULTIPLE_CHOICE,Arquivos de áudio / Arquivos de música
PSL_DATA_TYPES_AUDIO,PSL_OTHER_AUDIO,,MULTIPLE_CHOICE,Arquivos de áudio / Outros arquivos de áudio
PSL_DATA_TYPES_HEALTH_AND_FITNESS,PSL_HEALTH,,MULTIPLE_CHOICE,Saúde e fitness / Informações sobre saúde
PSL_DATA_TYPES_HEALTH_AND_FITNESS,PSL_FITNESS,,MULTIPLE_CHOICE,Saúde e fitness / Informações sobre condicionamento físico
PSL_DATA_TYPES_CONTACTS,PSL_CONTACTS,,MULTIPLE_CHOICE,Contatos / Contatos
PSL_DATA_TYPES_CALENDAR,PSL_CALENDAR,,MULTIPLE_CHOICE,Agenda / Eventos da agenda
PSL_DATA_TYPES_APP_PERFORMANCE,PSL_CRASH_LOGS,,MULTIPLE_CHOICE,Informações e desempenho do app / Registros de falhas
PSL_DATA_TYPES_APP_PERFORMANCE,PSL_PERFORMANCE_DIAGNOSTICS,,MULTIPLE_CHOICE,Informações e desempenho do app / Diagnóstico
PSL_DATA_TYPES_APP_PERFORMANCE,PSL_OTHER_PERFORMANCE,,MULTIPLE_CHOICE,Informações e desempenho do app / Outros dados de desempenho do app
PSL_DATA_TYPES_FILES_AND_DOCS,PSL_FILES_AND_DOCS,,MULTIPLE_CHOICE,Arquivos e documentos / Arquivos e documentos
PSL_DATA_TYPES_APP_ACTIVITY,PSL_USER_INTERACTION,,MULTIPLE_CHOICE,Atividade em apps / Interações no app
PSL_DATA_TYPES_APP_ACTIVITY,PSL_IN_APP_SEARCH_HISTORY,,MULTIPLE_CHOICE,Atividade em apps / Histórico de pesquisa no app
PSL_DATA_TYPES_APP_ACTIVITY,PSL_APPS_ON_DEVICE,,MULTIPLE_CHOICE,Atividade em apps / Apps instalados
PSL_DATA_TYPES_APP_ACTIVITY,PSL_USER_GENERATED_CONTENT,,MULTIPLE_CHOICE,Atividade em apps / Outro conteúdo gerado pelo usuário
PSL_DATA_TYPES_APP_ACTIVITY,PSL_OTHER_APP_ACTIVITY,,MULTIPLE_CHOICE,Atividade em apps / Outras ações
PSL_DATA_TYPES_IDENTIFIERS,PSL_DEVICE_ID,,MULTIPLE_CHOICE,Identificadores do dispositivo e outros IDs / Identificadores do dispositivo e outros IDs
PSL_DATA_USAGE_RESPONSES:PSL_NAME:PSL_DATA_USAGE_COLLECTION_AND_SHARING,PSL_DATA_USAGE_ONLY_COLLECTED,true,MULTIPLE_CHOICE,"Uso e tratamento de dados (Nome) / Os dados são coletados, compartilhados ou ambos? / Coletados"
PSL_DATA_USAGE_RESPONSES:PSL_NAME:PSL_DATA_USAGE_COLLECTION_AND_SHARING,PSL_DATA_USAGE_ONLY_SHARED,true,MULTIPLE_CHOICE,"Uso e tratamento de dados (Nome) / Os dados são coletados, compartilhados ou ambos? / Compartilhados"
PSL_DATA_USAGE_RESPONSES:PSL_NAME:PSL_DATA_USAGE_EPHEMERAL,,false,MAYBE_REQUIRED,Uso e tratamento de dados (Nome) / Os dados são processados de maneira efêmera?
PSL_DATA_USAGE_RESPONSES:PSL_NAME:DATA_USAGE_USER_CONTROL,PSL_DATA_USAGE_USER_CONTROL_OPTIONAL,,SINGLE_CHOICE,"Uso e tratamento de dados (Nome) / Os dados são obrigatórios, ou os usuários podem escolher se eles são ou não coletados pelo app? / Os usuários podem escolher se os dados são coletados"
PSL_DATA_USAGE_RESPONSES:PSL_NAME:DATA_USAGE_USER_CONTROL,PSL_DATA_USAGE_USER_CONTROL_REQUIRED,true,SINGLE_CHOICE,"Uso e tratamento de dados (Nome) / Os dados são obrigatórios, ou os usuários podem escolher se eles são ou não coletados pelo app? / A coleta de dados é obrigatória: os usuários não podem desativá-la"
PSL_DATA_USAGE_RESPONSES:PSL_NAME:DATA_USAGE_COLLECTION_PURPOSE,PSL_APP_FUNCTIONALITY,true,MULTIPLE_CHOICE,Uso e tratamento de dados (Nome) / Por que os dados do usuário são coletados? Selecione todas as opções válidas. / Funcionalidade do app
PSL_DATA_USAGE_RESPONSES:PSL_NAME:DATA_USAGE_COLLECTION_PURPOSE,PSL_ANALYTICS,,MULTIPLE_CHOICE,Uso e tratamento de dados (Nome) / Por que os dados do usuário são coletados? Selecione todas as opções válidas. / Análise
PSL_DATA_USAGE_RESPONSES:PSL_NAME:DATA_USAGE_COLLECTION_PURPOSE,PSL_DEVELOPER_COMMUNICATIONS,,MULTIPLE_CHOICE,Uso e tratamento de dados (Nome) / Por que os dados do usuário são coletados? Selecione todas as opções válidas. / Mensagens do desenvolvedor
PSL_DATA_USAGE_RESPONSES:PSL_NAME:DATA_USAGE_COLLECTION_PURPOSE,PSL_FRAUD_PREVENTION_SECURITY,true,MULTIPLE_CHOICE,"Uso e tratamento de dados (Nome) / Por que os dados do usuário são coletados? Selecione todas as opções válidas. / Segurança, conformidade e prevenção de fraudes"
PSL_DATA_USAGE_RESPONSES:PSL_NAME:DATA_USAGE_COLLECTION_PURPOSE,PSL_ADVERTISING,,MULTIPLE_CHOICE,Uso e tratamento de dados (Nome) / Por que os dados do usuário são coletados? Selecione todas as opções válidas. / Publicidade ou marketing
PSL_DATA_USAGE_RESPONSES:PSL_NAME:DATA_USAGE_COLLECTION_PURPOSE,PSL_PERSONALIZATION,,MULTIPLE_CHOICE,Uso e tratamento de dados (Nome) / Por que os dados do usuário são coletados? Selecione todas as opções válidas. / Personalização
PSL_DATA_USAGE_RESPONSES:PSL_NAME:DATA_USAGE_COLLECTION_PURPOSE,PSL_ACCOUNT_MANAGEMENT,true,MULTIPLE_CHOICE,Uso e tratamento de dados (Nome) / Por que os dados do usuário são coletados? Selecione todas as opções válidas. / Gerenciamento de contas
PSL_DATA_USAGE_RESPONSES:PSL_NAME:DATA_USAGE_SHARING_PURPOSE,PSL_APP_FUNCTIONALITY,true,MULTIPLE_CHOICE,Uso e tratamento de dados (Nome) / Por que os dados do usuário são compartilhados? Selecione todas as opções válidas. / Funcionalidade do app
PSL_DATA_USAGE_RESPONSES:PSL_NAME:DATA_USAGE_SHARING_PURPOSE,PSL_ANALYTICS,,MULTIPLE_CHOICE,Uso e tratamento de dados (Nome) / Por que os dados do usuário são compartilhados? Selecione todas as opções válidas. / Análise
PSL_DATA_USAGE_RESPONSES:PSL_NAME:DATA_USAGE_SHARING_PURPOSE,PSL_DEVELOPER_COMMUNICATIONS,,MULTIPLE_CHOICE,Uso e tratamento de dados (Nome) / Por que os dados do usuário são compartilhados? Selecione todas as opções válidas. / Mensagens do desenvolvedor
PSL_DATA_USAGE_RESPONSES:PSL_NAME:DATA_USAGE_SHARING_PURPOSE,PSL_FRAUD_PREVENTION_SECURITY,true,MULTIPLE_CHOICE,"Uso e tratamento de dados (Nome) / Por que os dados do usuário são compartilhados? Selecione todas as opções válidas. / Segurança, conformidade e prevenção de fraudes"
PSL_DATA_USAGE_RESPONSES:PSL_NAME:DATA_USAGE_SHARING_PURPOSE,PSL_ADVERTISING,,MULTIPLE_CHOICE,Uso e tratamento de dados (Nome) / Por que os dados do usuário são compartilhados? Selecione todas as opções válidas. / Publicidade ou marketing
PSL_DATA_USAGE_RESPONSES:PSL_NAME:DATA_USAGE_SHARING_PURPOSE,PSL_PERSONALIZATION,,MULTIPLE_CHOICE,Uso e tratamento de dados (Nome) / Por que os dados do usuário são compartilhados? Selecione todas as opções válidas. / Personalização
PSL_DATA_USAGE_RESPONSES:PSL_NAME:DATA_USAGE_SHARING_PURPOSE,PSL_ACCOUNT_MANAGEMENT,,MULTIPLE_CHOICE,Uso e tratamento de dados (Nome) / Por que os dados do usuário são compartilhados? Selecione todas as opções válidas. / Gerenciamento de contas
PSL_DATA_USAGE_RESPONSES:PSL_EMAIL:PSL_DATA_USAGE_COLLECTION_AND_SHARING,PSL_DATA_USAGE_ONLY_COLLECTED,true,MULTIPLE_CHOICE,"Uso e tratamento de dados (Endereço de e-mail) / Os dados são coletados, compartilhados ou ambos? / Coletados"
PSL_DATA_USAGE_RESPONSES:PSL_EMAIL:PSL_DATA_USAGE_COLLECTION_AND_SHARING,PSL_DATA_USAGE_ONLY_SHARED,true,MULTIPLE_CHOICE,"Uso e tratamento de dados (Endereço de e-mail) / Os dados são coletados, compartilhados ou ambos? / Compartilhados"
PSL_DATA_USAGE_RESPONSES:PSL_EMAIL:PSL_DATA_USAGE_EPHEMERAL,,false,MAYBE_REQUIRED,Uso e tratamento de dados (Endereço de e-mail) / Os dados são processados de maneira efêmera?
PSL_DATA_USAGE_RESPONSES:PSL_EMAIL:DATA_USAGE_USER_CONTROL,PSL_DATA_USAGE_USER_CONTROL_OPTIONAL,,SINGLE_CHOICE,"Uso e tratamento de dados (Endereço de e-mail) / Os dados são obrigatórios, ou os usuários podem escolher se eles são ou não coletados pelo app? / Os usuários podem escolher se os dados são coletados"
PSL_DATA_USAGE_RESPONSES:PSL_EMAIL:DATA_USAGE_USER_CONTROL,PSL_DATA_USAGE_USER_CONTROL_REQUIRED,true,SINGLE_CHOICE,"Uso e tratamento de dados (Endereço de e-mail) / Os dados são obrigatórios, ou os usuários podem escolher se eles são ou não coletados pelo app? / A coleta de dados é obrigatória: os usuários não podem desativá-la"
PSL_DATA_USAGE_RESPONSES:PSL_EMAIL:DATA_USAGE_COLLECTION_PURPOSE,PSL_APP_FUNCTIONALITY,true,MULTIPLE_CHOICE,Uso e tratamento de dados (Endereço de e-mail) / Por que os dados do usuário são coletados? Selecione todas as opções válidas. / Funcionalidade do app
PSL_DATA_USAGE_RESPONSES:PSL_EMAIL:DATA_USAGE_COLLECTION_PURPOSE,PSL_ANALYTICS,,MULTIPLE_CHOICE,Uso e tratamento de dados (Endereço de e-mail) / Por que os dados do usuário são coletados? Selecione todas as opções válidas. / Análise
PSL_DATA_USAGE_RESPONSES:PSL_EMAIL:DATA_USAGE_COLLECTION_PURPOSE,PSL_DEVELOPER_COMMUNICATIONS,,MULTIPLE_CHOICE,Uso e tratamento de dados (Endereço de e-mail) / Por que os dados do usuário são coletados? Selecione todas as opções válidas. / Mensagens do desenvolvedor
PSL_DATA_USAGE_RESPONSES:PSL_EMAIL:DATA_USAGE_COLLECTION_PURPOSE,PSL_FRAUD_PREVENTION_SECURITY,true,MULTIPLE_CHOICE,"Uso e tratamento de dados (Endereço de e-mail) / Por que os dados do usuário são coletados? Selecione todas as opções válidas. / Segurança, conformidade e prevenção de fraudes"
PSL_DATA_USAGE_RESPONSES:PSL_EMAIL:DATA_USAGE_COLLECTION_PURPOSE,PSL_ADVERTISING,,MULTIPLE_CHOICE,Uso e tratamento de dados (Endereço de e-mail) / Por que os dados do usuário são coletados? Selecione todas as opções válidas. / Publicidade ou marketing
PSL_DATA_USAGE_RESPONSES:PSL_EMAIL:DATA_USAGE_COLLECTION_PURPOSE,PSL_PERSONALIZATION,,MULTIPLE_CHOICE,Uso e tratamento de dados (Endereço de e-mail) / Por que os dados do usuário são coletados? Selecione todas as opções válidas. / Personalização
PSL_DATA_USAGE_RESPONSES:PSL_EMAIL:DATA_USAGE_COLLECTION_PURPOSE,PSL_ACCOUNT_MANAGEMENT,true,MULTIPLE_CHOICE,Uso e tratamento de dados (Endereço de e-mail) / Por que os dados do usuário são coletados? Selecione todas as opções válidas. / Gerenciamento de contas
PSL_DATA_USAGE_RESPONSES:PSL_EMAIL:DATA_USAGE_SHARING_PURPOSE,PSL_APP_FUNCTIONALITY,true,MULTIPLE_CHOICE,Uso e tratamento de dados (Endereço de e-mail) / Por que os dados do usuário são compartilhados? Selecione todas as opções válidas. / Funcionalidade do app
PSL_DATA_USAGE_RESPONSES:PSL_EMAIL:DATA_USAGE_SHARING_PURPOSE,PSL_ANALYTICS,,MULTIPLE_CHOICE,Uso e tratamento de dados (Endereço de e-mail) / Por que os dados do usuário são compartilhados? Selecione todas as opções válidas. / Análise
PSL_DATA_USAGE_RESPONSES:PSL_EMAIL:DATA_USAGE_SHARING_PURPOSE,PSL_DEVELOPER_COMMUNICATIONS,,MULTIPLE_CHOICE,Uso e tratamento de dados (Endereço de e-mail) / Por que os dados do usuário são compartilhados? Selecione todas as opções válidas. / Mensagens do desenvolvedor
PSL_DATA_USAGE_RESPONSES:PSL_EMAIL:DATA_USAGE_SHARING_PURPOSE,PSL_FRAUD_PREVENTION_SECURITY,true,MULTIPLE_CHOICE,"Uso e tratamento de dados (Endereço de e-mail) / Por que os dados do usuário são compartilhados? Selecione todas as opções válidas. / Segurança, conformidade e prevenção de fraudes"
PSL_DATA_USAGE_RESPONSES:PSL_EMAIL:DATA_USAGE_SHARING_PURPOSE,PSL_ADVERTISING,,MULTIPLE_CHOICE,Uso e tratamento de dados (Endereço de e-mail) / Por que os dados do usuário são compartilhados? Selecione todas as opções válidas. / Publicidade ou marketing
PSL_DATA_USAGE_RESPONSES:PSL_EMAIL:DATA_USAGE_SHARING_PURPOSE,PSL_PERSONALIZATION,,MULTIPLE_CHOICE,Uso e tratamento de dados (Endereço de e-mail) / Por que os dados do usuário são compartilhados? Selecione todas as opções válidas. / Personalização
PSL_DATA_USAGE_RESPONSES:PSL_EMAIL:DATA_USAGE_SHARING_PURPOSE,PSL_ACCOUNT_MANAGEMENT,true,MULTIPLE_CHOICE,Uso e tratamento de dados (Endereço de e-mail) / Por que os dados do usuário são compartilhados? Selecione todas as opções válidas. / Gerenciamento de contas
PSL_DATA_USAGE_RESPONSES:PSL_PHONE:PSL_DATA_USAGE_COLLECTION_AND_SHARING,PSL_DATA_USAGE_ONLY_COLLECTED,true,MULTIPLE_CHOICE,"Uso e tratamento de dados (Número de telefone) / Os dados são coletados, compartilhados ou ambos? / Coletados"
PSL_DATA_USAGE_RESPONSES:PSL_PHONE:PSL_DATA_USAGE_COLLECTION_AND_SHARING,PSL_DATA_USAGE_ONLY_SHARED,true,MULTIPLE_CHOICE,"Uso e tratamento de dados (Número de telefone) / Os dados são coletados, compartilhados ou ambos? / Compartilhados"
PSL_DATA_USAGE_RESPONSES:PSL_PHONE:PSL_DATA_USAGE_EPHEMERAL,,false,MAYBE_REQUIRED,Uso e tratamento de dados (Número de telefone) / Os dados são processados de maneira efêmera?
PSL_DATA_USAGE_RESPONSES:PSL_PHONE:DATA_USAGE_USER_CONTROL,PSL_DATA_USAGE_USER_CONTROL_OPTIONAL,,SINGLE_CHOICE,"Uso e tratamento de dados (Número de telefone) / Os dados são obrigatórios, ou os usuários podem escolher se eles são ou não coletados pelo app? / Os usuários podem escolher se os dados são coletados"
PSL_DATA_USAGE_RESPONSES:PSL_PHONE:DATA_USAGE_USER_CONTROL,PSL_DATA_USAGE_USER_CONTROL_REQUIRED,true,SINGLE_CHOICE,"Uso e tratamento de dados (Número de telefone) / Os dados são obrigatórios, ou os usuários podem escolher se eles são ou não coletados pelo app? / A coleta de dados é obrigatória: os usuários não podem desativá-la"
PSL_DATA_USAGE_RESPONSES:PSL_PHONE:DATA_USAGE_COLLECTION_PURPOSE,PSL_APP_FUNCTIONALITY,true,MULTIPLE_CHOICE,Uso e tratamento de dados (Número de telefone) / Por que os dados do usuário são coletados? Selecione todas as opções válidas. / Funcionalidade do app
PSL_DATA_USAGE_RESPONSES:PSL_PHONE:DATA_USAGE_COLLECTION_PURPOSE,PSL_ANALYTICS,,MULTIPLE_CHOICE,Uso e tratamento de dados (Número de telefone) / Por que os dados do usuário são coletados? Selecione todas as opções válidas. / Análise
PSL_DATA_USAGE_RESPONSES:PSL_PHONE:DATA_USAGE_COLLECTION_PURPOSE,PSL_DEVELOPER_COMMUNICATIONS,,MULTIPLE_CHOICE,Uso e tratamento de dados (Número de telefone) / Por que os dados do usuário são coletados? Selecione todas as opções válidas. / Mensagens do desenvolvedor
PSL_DATA_USAGE_RESPONSES:PSL_PHONE:DATA_USAGE_COLLECTION_PURPOSE,PSL_FRAUD_PREVENTION_SECURITY,true,MULTIPLE_CHOICE,"Uso e tratamento de dados (Número de telefone) / Por que os dados do usuário são coletados? Selecione todas as opções válidas. / Segurança, conformidade e prevenção de fraudes"
PSL_DATA_USAGE_RESPONSES:PSL_PHONE:DATA_USAGE_COLLECTION_PURPOSE,PSL_ADVERTISING,,MULTIPLE_CHOICE,Uso e tratamento de dados (Número de telefone) / Por que os dados do usuário são coletados? Selecione todas as opções válidas. / Publicidade ou marketing
PSL_DATA_USAGE_RESPONSES:PSL_PHONE:DATA_USAGE_COLLECTION_PURPOSE,PSL_PERSONALIZATION,,MULTIPLE_CHOICE,Uso e tratamento de dados (Número de telefone) / Por que os dados do usuário são coletados? Selecione todas as opções válidas. / Personalização
PSL_DATA_USAGE_RESPONSES:PSL_PHONE:DATA_USAGE_COLLECTION_PURPOSE,PSL_ACCOUNT_MANAGEMENT,true,MULTIPLE_CHOICE,Uso e tratamento de dados (Número de telefone) / Por que os dados do usuário são coletados? Selecione todas as opções válidas. / Gerenciamento de contas
PSL_DATA_USAGE_RESPONSES:PSL_PHONE:DATA_USAGE_SHARING_PURPOSE,PSL_APP_FUNCTIONALITY,true,MULTIPLE_CHOICE,Uso e tratamento de dados (Número de telefone) / Por que os dados do usuário são compartilhados? Selecione todas as opções válidas. / Funcionalidade do app
PSL_DATA_USAGE_RESPONSES:PSL_PHONE:DATA_USAGE_SHARING_PURPOSE,PSL_ANALYTICS,,MULTIPLE_CHOICE,Uso e tratamento de dados (Número de telefone) / Por que os dados do usuário são compartilhados? Selecione todas as opções válidas. / Análise
PSL_DATA_USAGE_RESPONSES:PSL_PHONE:DATA_USAGE_SHARING_PURPOSE,PSL_DEVELOPER_COMMUNICATIONS,,MULTIPLE_CHOICE,Uso e tratamento de dados (Número de telefone) / Por que os dados do usuário são compartilhados? Selecione todas as opções válidas. / Mensagens do desenvolvedor
PSL_DATA_USAGE_RESPONSES:PSL_PHONE:DATA_USAGE_SHARING_PURPOSE,PSL_FRAUD_PREVENTION_SECURITY,true,MULTIPLE_CHOICE,"Uso e tratamento de dados (Número de telefone) / Por que os dados do usuário são compartilhados? Selecione todas as opções válidas. / Segurança, conformidade e prevenção de fraudes"
PSL_DATA_USAGE_RESPONSES:PSL_PHONE:DATA_USAGE_SHARING_PURPOSE,PSL_ADVERTISING,,MULTIPLE_CHOICE,Uso e tratamento de dados (Número de telefone) / Por que os dados do usuário são compartilhados? Selecione todas as opções válidas. / Publicidade ou marketing
PSL_DATA_USAGE_RESPONSES:PSL_PHONE:DATA_USAGE_SHARING_PURPOSE,PSL_PERSONALIZATION,,MULTIPLE_CHOICE,Uso e tratamento de dados (Número de telefone) / Por que os dados do usuário são compartilhados? Selecione todas as opções válidas. / Personalização
PSL_DATA_USAGE_RESPONSES:PSL_PHONE:DATA_USAGE_SHARING_PURPOSE,PSL_ACCOUNT_MANAGEMENT,true,MULTIPLE_CHOICE,Uso e tratamento de dados (Número de telefone) / Por que os dados do usuário são compartilhados? Selecione todas as opções válidas. / Gerenciamento de contas
PSL_DATA_USAGE_RESPONSES:PSL_OTHER_PERSONAL:PSL_DATA_USAGE_COLLECTION_AND_SHARING,PSL_DATA_USAGE_ONLY_COLLECTED,true,MULTIPLE_CHOICE,"Uso e tratamento de dados (Outras informações) / Os dados são coletados, compartilhados ou ambos? / Coletados"
PSL_DATA_USAGE_RESPONSES:PSL_OTHER_PERSONAL:PSL_DATA_USAGE_COLLECTION_AND_SHARING,PSL_DATA_USAGE_ONLY_SHARED,true,MULTIPLE_CHOICE,"Uso e tratamento de dados (Outras informações) / Os dados são coletados, compartilhados ou ambos? / Compartilhados"
PSL_DATA_USAGE_RESPONSES:PSL_OTHER_PERSONAL:PSL_DATA_USAGE_EPHEMERAL,,false,MAYBE_REQUIRED,Uso e tratamento de dados (Outras informações) / Os dados são processados de maneira efêmera?
PSL_DATA_USAGE_RESPONSES:PSL_OTHER_PERSONAL:DATA_USAGE_USER_CONTROL,PSL_DATA_USAGE_USER_CONTROL_OPTIONAL,,SINGLE_CHOICE,"Uso e tratamento de dados (Outras informações) / Os dados são obrigatórios, ou os usuários podem escolher se eles são ou não coletados pelo app? / Os usuários podem escolher se os dados são coletados"
PSL_DATA_USAGE_RESPONSES:PSL_OTHER_PERSONAL:DATA_USAGE_USER_CONTROL,PSL_DATA_USAGE_USER_CONTROL_REQUIRED,true,SINGLE_CHOICE,"Uso e tratamento de dados (Outras informações) / Os dados são obrigatórios, ou os usuários podem escolher se eles são ou não coletados pelo app? / A coleta de dados é obrigatória: os usuários não podem desativá-la"
PSL_DATA_USAGE_RESPONSES:PSL_OTHER_PERSONAL:DATA_USAGE_COLLECTION_PURPOSE,PSL_APP_FUNCTIONALITY,true,MULTIPLE_CHOICE,Uso e tratamento de dados (Outras informações) / Por que os dados do usuário são coletados? Selecione todas as opções válidas. / Funcionalidade do app
PSL_DATA_USAGE_RESPONSES:PSL_OTHER_PERSONAL:DATA_USAGE_COLLECTION_PURPOSE,PSL_ANALYTICS,,MULTIPLE_CHOICE,Uso e tratamento de dados (Outras informações) / Por que os dados do usuário são coletados? Selecione todas as opções válidas. / Análise
PSL_DATA_USAGE_RESPONSES:PSL_OTHER_PERSONAL:DATA_USAGE_COLLECTION_PURPOSE,PSL_DEVELOPER_COMMUNICATIONS,,MULTIPLE_CHOICE,Uso e tratamento de dados (Outras informações) / Por que os dados do usuário são coletados? Selecione todas as opções válidas. / Mensagens do desenvolvedor
PSL_DATA_USAGE_RESPONSES:PSL_OTHER_PERSONAL:DATA_USAGE_COLLECTION_PURPOSE,PSL_FRAUD_PREVENTION_SECURITY,true,MULTIPLE_CHOICE,"Uso e tratamento de dados (Outras informações) / Por que os dados do usuário são coletados? Selecione todas as opções válidas. / Segurança, conformidade e prevenção de fraudes"
PSL_DATA_USAGE_RESPONSES:PSL_OTHER_PERSONAL:DATA_USAGE_COLLECTION_PURPOSE,PSL_ADVERTISING,,MULTIPLE_CHOICE,Uso e tratamento de dados (Outras informações) / Por que os dados do usuário são coletados? Selecione todas as opções válidas. / Publicidade ou marketing
PSL_DATA_USAGE_RESPONSES:PSL_OTHER_PERSONAL:DATA_USAGE_COLLECTION_PURPOSE,PSL_PERSONALIZATION,,MULTIPLE_CHOICE,Uso e tratamento de dados (Outras informações) / Por que os dados do usuário são coletados? Selecione todas as opções válidas. / Personalização
PSL_DATA_USAGE_RESPONSES:PSL_OTHER_PERSONAL:DATA_USAGE_COLLECTION_PURPOSE,PSL_ACCOUNT_MANAGEMENT,true,MULTIPLE_CHOICE,Uso e tratamento de dados (Outras informações) / Por que os dados do usuário são coletados? Selecione todas as opções válidas. / Gerenciamento de contas
PSL_DATA_USAGE_RESPONSES:PSL_OTHER_PERSONAL:DATA_USAGE_SHARING_PURPOSE,PSL_APP_FUNCTIONALITY,true,MULTIPLE_CHOICE,Uso e tratamento de dados (Outras informações) / Por que os dados do usuário são compartilhados? Selecione todas as opções válidas. / Funcionalidade do app
PSL_DATA_USAGE_RESPONSES:PSL_OTHER_PERSONAL:DATA_USAGE_SHARING_PURPOSE,PSL_ANALYTICS,,MULTIPLE_CHOICE,Uso e tratamento de dados (Outras informações) / Por que os dados do usuário são compartilhados? Selecione todas as opções válidas. / Análise
PSL_DATA_USAGE_RESPONSES:PSL_OTHER_PERSONAL:DATA_USAGE_SHARING_PURPOSE,PSL_DEVELOPER_COMMUNICATIONS,,MULTIPLE_CHOICE,Uso e tratamento de dados (Outras informações) / Por que os dados do usuário são compartilhados? Selecione todas as opções válidas. / Mensagens do desenvolvedor
PSL_DATA_USAGE_RESPONSES:PSL_OTHER_PERSONAL:DATA_USAGE_SHARING_PURPOSE,PSL_FRAUD_PREVENTION_SECURITY,true,MULTIPLE_CHOICE,"Uso e tratamento de dados (Outras informações) / Por que os dados do usuário são compartilhados? Selecione todas as opções válidas. / Segurança, conformidade e prevenção de fraudes"
PSL_DATA_USAGE_RESPONSES:PSL_OTHER_PERSONAL:DATA_USAGE_SHARING_PURPOSE,PSL_ADVERTISING,,MULTIPLE_CHOICE,Uso e tratamento de dados (Outras informações) / Por que os dados do usuário são compartilhados? Selecione todas as opções válidas. / Publicidade ou marketing
PSL_DATA_USAGE_RESPONSES:PSL_OTHER_PERSONAL:DATA_USAGE_SHARING_PURPOSE,PSL_PERSONALIZATION,,MULTIPLE_CHOICE,Uso e tratamento de dados (Outras informações) / Por que os dados do usuário são compartilhados? Selecione todas as opções válidas. / Personalização
PSL_DATA_USAGE_RESPONSES:PSL_OTHER_PERSONAL:DATA_USAGE_SHARING_PURPOSE,PSL_ACCOUNT_MANAGEMENT,true,MULTIPLE_CHOICE,Uso e tratamento de dados (Outras informações) / Por que os dados do usuário são compartilhados? Selecione todas as opções válidas. / Gerenciamento de contas
PSL_DATA_USAGE_RESPONSES:PSL_OTHER:PSL_DATA_USAGE_COLLECTION_AND_SHARING,PSL_DATA_USAGE_ONLY_COLLECTED,true,MULTIPLE_CHOICE,"Uso e tratamento de dados (Outras informações financeiras) / Os dados são coletados, compartilhados ou ambos? / Coletados"
PSL_DATA_USAGE_RESPONSES:PSL_OTHER:PSL_DATA_USAGE_COLLECTION_AND_SHARING,PSL_DATA_USAGE_ONLY_SHARED,true,MULTIPLE_CHOICE,"Uso e tratamento de dados (Outras informações financeiras) / Os dados são coletados, compartilhados ou ambos? / Compartilhados"
PSL_DATA_USAGE_RESPONSES:PSL_OTHER:PSL_DATA_USAGE_EPHEMERAL,,false,MAYBE_REQUIRED,Uso e tratamento de dados (Outras informações financeiras) / Os dados são processados de maneira efêmera?
PSL_DATA_USAGE_RESPONSES:PSL_OTHER:DATA_USAGE_USER_CONTROL,PSL_DATA_USAGE_USER_CONTROL_OPTIONAL,,SINGLE_CHOICE,"Uso e tratamento de dados (Outras informações financeiras) / Os dados são obrigatórios, ou os usuários podem escolher se eles são ou não coletados pelo app? / Os usuários podem escolher se os dados são coletados"
PSL_DATA_USAGE_RESPONSES:PSL_OTHER:DATA_USAGE_USER_CONTROL,PSL_DATA_USAGE_USER_CONTROL_REQUIRED,true,SINGLE_CHOICE,"Uso e tratamento de dados (Outras informações financeiras) / Os dados são obrigatórios, ou os usuários podem escolher se eles são ou não coletados pelo app? / A coleta de dados é obrigatória: os usuários não podem desativá-la"
PSL_DATA_USAGE_RESPONSES:PSL_OTHER:DATA_USAGE_COLLECTION_PURPOSE,PSL_APP_FUNCTIONALITY,true,MULTIPLE_CHOICE,Uso e tratamento de dados (Outras informações financeiras) / Por que os dados do usuário são coletados? Selecione todas as opções válidas. / Funcionalidade do app
PSL_DATA_USAGE_RESPONSES:PSL_OTHER:DATA_USAGE_COLLECTION_PURPOSE,PSL_ANALYTICS,,MULTIPLE_CHOICE,Uso e tratamento de dados (Outras informações financeiras) / Por que os dados do usuário são coletados? Selecione todas as opções válidas. / Análise
PSL_DATA_USAGE_RESPONSES:PSL_OTHER:DATA_USAGE_COLLECTION_PURPOSE,PSL_DEVELOPER_COMMUNICATIONS,,MULTIPLE_CHOICE,Uso e tratamento de dados (Outras informações financeiras) / Por que os dados do usuário são coletados? Selecione todas as opções válidas. / Mensagens do desenvolvedor
PSL_DATA_USAGE_RESPONSES:PSL_OTHER:DATA_USAGE_COLLECTION_PURPOSE,PSL_FRAUD_PREVENTION_SECURITY,true,MULTIPLE_CHOICE,"Uso e tratamento de dados (Outras informações financeiras) / Por que os dados do usuário são coletados? Selecione todas as opções válidas. / Segurança, conformidade e prevenção de fraudes"
PSL_DATA_USAGE_RESPONSES:PSL_OTHER:DATA_USAGE_COLLECTION_PURPOSE,PSL_ADVERTISING,,MULTIPLE_CHOICE,Uso e tratamento de dados (Outras informações financeiras) / Por que os dados do usuário são coletados? Selecione todas as opções válidas. / Publicidade ou marketing
PSL_DATA_USAGE_RESPONSES:PSL_OTHER:DATA_USAGE_COLLECTION_PURPOSE,PSL_PERSONALIZATION,,MULTIPLE_CHOICE,Uso e tratamento de dados (Outras informações financeiras) / Por que os dados do usuário são coletados? Selecione todas as opções válidas. / Personalização
PSL_DATA_USAGE_RESPONSES:PSL_OTHER:DATA_USAGE_COLLECTION_PURPOSE,PSL_ACCOUNT_MANAGEMENT,true,MULTIPLE_CHOICE,Uso e tratamento de dados (Outras informações financeiras) / Por que os dados do usuário são coletados? Selecione todas as opções válidas. / Gerenciamento de contas
PSL_DATA_USAGE_RESPONSES:PSL_OTHER:DATA_USAGE_SHARING_PURPOSE,PSL_APP_FUNCTIONALITY,true,MULTIPLE_CHOICE,Uso e tratamento de dados (Outras informações financeiras) / Por que os dados do usuário são compartilhados? Selecione todas as opções válidas. / Funcionalidade do app
PSL_DATA_USAGE_RESPONSES:PSL_OTHER:DATA_USAGE_SHARING_PURPOSE,PSL_ANALYTICS,,MULTIPLE_CHOICE,Uso e tratamento de dados (Outras informações financeiras) / Por que os dados do usuário são compartilhados? Selecione todas as opções válidas. / Análise
PSL_DATA_USAGE_RESPONSES:PSL_OTHER:DATA_USAGE_SHARING_PURPOSE,PSL_DEVELOPER_COMMUNICATIONS,,MULTIPLE_CHOICE,Uso e tratamento de dados (Outras informações financeiras) / Por que os dados do usuário são compartilhados? Selecione todas as opções válidas. / Mensagens do desenvolvedor
PSL_DATA_USAGE_RESPONSES:PSL_OTHER:DATA_USAGE_SHARING_PURPOSE,PSL_FRAUD_PREVENTION_SECURITY,true,MULTIPLE_CHOICE,"Uso e tratamento de dados (Outras informações financeiras) / Por que os dados do usuário são compartilhados? Selecione todas as opções válidas. / Segurança, conformidade e prevenção de fraudes"
PSL_DATA_USAGE_RESPONSES:PSL_OTHER:DATA_USAGE_SHARING_PURPOSE,PSL_ADVERTISING,,MULTIPLE_CHOICE,Uso e tratamento de dados (Outras informações financeiras) / Por que os dados do usuário são compartilhados? Selecione todas as opções válidas. / Publicidade ou marketing
PSL_DATA_USAGE_RESPONSES:PSL_OTHER:DATA_USAGE_SHARING_PURPOSE,PSL_PERSONALIZATION,,MULTIPLE_CHOICE,Uso e tratamento de dados (Outras informações financeiras) / Por que os dados do usuário são compartilhados? Selecione todas as opções válidas. / Personalização
PSL_DATA_USAGE_RESPONSES:PSL_OTHER:DATA_USAGE_SHARING_PURPOSE,PSL_ACCOUNT_MANAGEMENT,true,MULTIPLE_CHOICE,Uso e tratamento de dados (Outras informações financeiras) / Por que os dados do usuário são compartilhados? Selecione todas as opções válidas. / Gerenciamento de contas
